cgId,symbol,name,imageUrl
0x,zrx,0x Protocol,https://coin-images.coingecko.com/coins/images/863/large/0x.png?1696501996
abstract-bridged-usdt-abstract,usdt,Abstract Bridged USDT (Abstract),https://coin-images.coingecko.com/coins/images/67296/large/usdt.jpg?1752306379
aevo-exchange,aevo,Aevo,https://coin-images.coingecko.com/coins/images/35893/large/aevo.png?1710138340
alchemy-pay,ach,Alchemy Pay,https://coin-images.coingecko.com/coins/images/12390/large/ACH_%281%29.png?1696512213
allbridge-bridged-sol-near-protocol,sol,Allbridge Bridged SOL (Near Protocol),https://coin-images.coingecko.com/coins/images/50309/large/sol.png?1727069170
arena-z,a2z,Arena-Z,https://coin-images.coingecko.com/coins/images/67345/large/logo_transparent_200x200.png?1753173269
avalanche-bridged-dai-avalanche,dai,Avalanche Bridged DAI (Avalanche),https://coin-images.coingecko.com/coins/images/39786/large/dai.png?1724110324
baby-pepe-5,pepe,BABY PEPE,https://coin-images.coingecko.com/coins/images/67355/large/mnm33n5g23brzlywg6p313ybzi6w.?1752490975
baby-troll-3,troll,Baby Troll,https://coin-images.coingecko.com/coins/images/68984/large/qatfzhv56az91ju5oof31jsslfoi.?1757141695
bifrost-bridged-eth-bifrost,eth,Bifrost Bridged ETH (Bifrost),https://coin-images.coingecko.com/coins/images/39140/large/ETH.png?1720706783
binance-peg-near-protocol,near,Binance-Peg NEAR Protocol,https://coin-images.coingecko.com/coins/images/51252/large/NEAR.JPG?1730470269
binance-peg-shib,shib,Binance-Peg SHIB,https://coin-images.coingecko.com/coins/images/50193/large/shib.png?1726214772
binance-peg-tezos-token,xtz,Binance-Peg Tezos Token,https://coin-images.coingecko.com/coins/images/51251/large/TEZOS.png?1730470163
bone-bone,bone,Bone,https://coin-images.coingecko.com/coins/images/37877/large/BONE.jpg?1715833498
bridged-curve-dao-token-stargate,crv,Bridged Curve DAO Token (Stargate),https://coin-images.coingecko.com/coins/images/31182/large/CurveFi_32.png?1696530010
bridged-nxpc,nxpc,Bridged NXPC,https://coin-images.coingecko.com/coins/images/71097/large/nxpc.png?1765787220
catwifmask,mask,catwifmask,https://coin-images.coingecko.com/coins/images/66179/large/catwifmask-logo.jpg?1748590391
celer-network,celr,Celer Network,https://coin-images.coingecko.com/coins/images/4379/large/Celr.png?1696504978
covalent-x-token,cxt,Covalent X Token,https://coin-images.coingecko.com/coins/images/39177/large/Covalent_Logomark_Square_Square.png?1734037870
crob-mob,crob,Crob Mob,https://coin-images.coingecko.com/coins/images/36978/large/RiOPseZH_400x400.jpg?1712917076
cronos-zkevm-bridged-cro-cronos-zkevm,cro,Cronos zkEVM Bridged CRO (Cronos zkEVM),https://coin-images.coingecko.com/coins/images/39774/large/cro_token.jpeg?1724057134
cronos-zkevm-cro,zkcro,Cronos zkEVM CRO,https://coin-images.coingecko.com/coins/images/39734/large/Screenshot_2024-08-16_at_10.42.41%E2%80%AFAM.png?1723776225
dar-open-network,d,Dar Open Network,https://coin-images.coingecko.com/coins/images/53414/large/dar.png?1736325510
decentraland,mana,Decentraland,https://coin-images.coingecko.com/coins/images/878/large/decentraland-mana.png?1696502010
dogelon-mars,elon,Dogelon Mars,https://coin-images.coingecko.com/coins/images/14962/large/6GxcPRo3_400x400.jpg?1696514622
drift-protocol,drift,Drift Protocol,https://coin-images.coingecko.com/coins/images/37509/large/DRIFT.png?1715842607
dymension,dym,Dymension,https://coin-images.coingecko.com/coins/images/34182/large/dym.png?1704253006
elizaos,elizaos,ElizaOS,https://coin-images.coingecko.com/coins/images/70556/large/elizaOS_token_logo_high_quality.png?1763494093
ethena,ena,Ethena,https://coin-images.coingecko.com/coins/images/36530/large/ethena.png?1711701436
ether-fi,ethfi,Ether.fi,https://coin-images.coingecko.com/coins/images/35958/large/etherfi.jpeg?1710254562
ethereum-classic,etc,Ethereum Classic,https://coin-images.coingecko.com/coins/images/453/large/ethereum-classic-logo.png?1696501717
famous-fox-federation,foxy,Famous Fox Federation,https://coin-images.coingecko.com/coins/images/26191/large/uFYaQEsU_400x400.jpg?1696525278
gelato,gel,Gelato,https://coin-images.coingecko.com/coins/images/15026/large/Gelato_Icon_Logo_1024x1024.png?1696514687
grass,grass,Grass,https://coin-images.coingecko.com/coins/images/40094/large/Grass.jpg?1725697048
gunz,gun,Gunz,https://coin-images.coingecko.com/coins/images/55027/large/gunz.jpg?1743262298
h,h,H,https://coin-images.coingecko.com/coins/images/53684/large/h-logo.jpg?1737016605
heima,hei,Heima,https://coin-images.coingecko.com/coins/images/54379/large/heima.png?1739444240
humidifi,wet,HumidiFi,https://coin-images.coingecko.com/coins/images/70397/large/720oatTU_400x400.jpg?1765007223
aurora-dao,idex,IDEX,https://coin-images.coingecko.com/coins/images/2565/large/idexlogo.png?1696503371
katana-bridged-pol-katana,pol,Katana Bridged POL (Katana),https://coin-images.coingecko.com/coins/images/67279/large/polygon.jpg?1752293315
layer3,l3,Layer3,https://coin-images.coingecko.com/coins/images/37768/large/Square.png?1722045128
layerzero,zro,LayerZero,https://coin-images.coingecko.com/coins/images/28206/large/ftxG9_TJ_400x400.jpeg?1696527208
layerzero-bridged-sei,sei,LayerZero Bridged Sei,https://coin-images.coingecko.com/coins/images/54862/large/sei.jpg?1742182276
levva-protocol,lvva,Levva Protocol,https://coin-images.coingecko.com/coins/images/54803/large/Levva_Token_Image_Nov_19_2024.png?1741853490
lido-dao,ldo,Lido DAO,https://coin-images.coingecko.com/coins/images/13573/large/Lido_DAO.png?1696513326
linea-bridged-uni-linea,uni,Linea Bridged UNI (Linea),https://coin-images.coingecko.com/coins/images/50195/large/uni.png?1726227605
lumia,lumia,Lumia,https://coin-images.coingecko.com/coins/images/50867/large/lumia.jpg?1729321993
milk-alliance,mlk,MiL.k,https://coin-images.coingecko.com/coins/images/11978/large/2.png?1696511836
moo-deng,moodeng,Moo Deng,https://coin-images.coingecko.com/coins/images/50264/large/MOODENG.jpg?1726726975
numeraire,nmr,Numeraire,https://coin-images.coingecko.com/coins/images/752/large/numeraire.png?1696501906
ordinals,ordi,ORDI,https://coin-images.coingecko.com/coins/images/30162/large/ordi.png?1696529082
polyhedra-network,zkj,Polyhedra Network,https://coin-images.coingecko.com/coins/images/36198/large/Polyhedra_Symbol_Black_on_White.png?1747150504
spell-token,spell,Spell,https://coin-images.coingecko.com/coins/images/15861/large/abracadabra-3.png?1696515477
stupid-world-liberty-financial,wlfi,Stupid World Liberty Financial,https://coin-images.coingecko.com/coins/images/68854/large/mdtywbzper1e05y2s9cugp1cd154.?1756803575
succinct,prove,Succinct,https://coin-images.coingecko.com/coins/images/67905/large/succinct-logo.png?1754228574
superrare,rare,SuperRare,https://coin-images.coingecko.com/coins/images/17753/large/RARE.png?1709598473
tac-bridged-ton-tac,ton,TAC Bridged TON (TAC),https://coin-images.coingecko.com/coins/images/67547/large/ton.jpeg?1753153388
talos-2,t,Talos,https://coin-images.coingecko.com/coins/images/67570/large/talos.jpg?1753181426
luna-wormhole,lunc,Terra Classic (Wormhole),https://coin-images.coingecko.com/coins/images/22951/large/LUNA_wh_small.png?1696522247
towns,towns,Towns,https://coin-images.coingecko.com/coins/images/55230/large/Towns_token_2x.png?1754512858
useless-3,useless,Useless Coin,https://coin-images.coingecko.com/coins/images/55684/large/coingeckoupdate.png?1755203747
verasity,vra,Verasity,https://coin-images.coingecko.com/coins/images/14025/large/logo_%281%29.png?1716968890
zksync,zk,ZKsync,https://coin-images.coingecko.com/coins/images/38043/large/ZKTokenBlack.png?1718614502
zora,zora,Zora,https://coin-images.coingecko.com/coins/images/54693/large/zora.jpg?1741094751
